0,11,1439388259922679
1,16,1439388260235138
2,21,1439388260547592
3,263,1439388277420248
4,269,1439388277795203
5,275,1439388278170143
6,280,1439388278482593
7,285,1439388278795041
8,291,1439388279169981
9,300,1439388279732407
10,309,1439388280294869
11,314,1439388280607342
12,321,1439388281044769
13,327,1439388281419711
14,332,1439388281732154
15,339,1439388282169585
16,355,1439388283169421
17,377,1439388284544279
18,382,1439388284856756
19,412,1439388286731514
20,451,1439388289168658
21,462,1439388289856081
22,469,1439388290293513
23,477,1439388290793434
24,483,1439388291168371
25,491,1439388291668291
26,517,1439388293293031
27,760,1439388310290684
28,806,1439388313477715
29,844,1439388316289828
30,994,1439388327475799
31,1010,1439388328725634
32,1035,1439388330600379
33,1050,1439388331725230
34,1066,1439388332850069
35,1088,1439388334537345
36,1104,1439388335724685
37,1121,1439388336974516
38,1137,1439388338161855
39,1154,1439388339411685
40,1169,1439388340474081
41,1182,1439388341411513
42,1193,1439388342098954
43,1200,1439388342536399
44,1215,1439388343473753
45,1233,1439388344598572
46,1248,1439388345535919
47,1262,1439388346410779
48,1272,1439388347035696
49,1283,1439388347723095
50,1291,1439388348223059
51,1298,1439388348660533
52,1304,1439388349035500
53,1315,1439388349722916
54,1322,1439388350160358
55,1332,1439388350785279
56,1353,1439388352097567
57,1370,1439388353159898
58,1389,1439388354347203
59,1408,1439388355534508
60,1425,1439388356659334
61,1439,1439388357659191
62,1455,1439388358909025
63,1479,1439388360658780
64,1498,1439388362096083
65,1524,1439388364095824
66,1558,1439388366595480
67,1645,1439388373032108
68,1676,1439388375344363
69,1686,1439388376031800
70,1695,1439388376594264
71,1711,1439388377594109
72,1728,1439388378656433
73,1739,1439388379343825
74,1751,1439388380093709
75,1763,1439388380843657
76,1768,1439388381156124
77,1779,1439388381843525
78,1790,1439388382530915
79,1801,1439388383218323
80,1809,1439388383718298
81,1820,1439388384405683
82,1843,1439388385842983
83,1875,1439388387842647
84,1907,1439388389842316
85,1930,1439388391529711
86,1953,1439388392967024
87,1976,1439388394404285
88,1998,1439388395779060
89,2019,1439388397091454
90,2047,1439388398841235
91,2060,1439388399653636
92,2087,1439388401340897
93,2113,1439388402965625
94,2125,1439388403715504
95,2131,1439388404090440
96,2139,1439388404590385
97,2147,1439388405090350
98,2153,1439388405465306
99,2163,1439388406090263
100,2183,1439388407340065
101,2197,1439388408214922
102,2208,1439388408902312
103,2218,1439388409527246
104,2225,1439388409964719
105,2233,1439388410464666
106,2243,1439388411089581
107,2253,1439388411714481
108,2261,1439388412214429
109,2270,1439388412776842
110,2278,1439388413276782
111,2288,1439388413901676
112,2298,1439388414526617
113,2309,1439388415214003
114,2323,1439388416088862
115,2336,1439388416901231
116,2345,1439388417463654
117,2355,1439388418088608
118,2363,1439388418588566
119,2370,1439388419025993
120,2379,1439388419588399
121,2387,1439388420088362
122,2394,1439388420525789
123,2403,1439388421088199
124,2410,1439388421525677
125,2420,1439388422150568
126,2430,1439388422775494
127,2445,1439388423712838
128,2458,1439388424525208
129,2467,1439388425087652
130,2474,1439388425525117
131,2483,1439388426087544
132,2493,1439388426712440
133,2501,1439388427212396
134,2516,1439388428149742
135,2536,1439388429399540
136,2549,1439388430211973
137,2555,1439388430586938
138,2561,1439388430961880
139,2574,1439388431774247
140,2585,1439388432461634
141,2595,1439388433086536
142,2602,1439388433523961
143,2608,1439388433898902
144,2613,1439388434211350
145,2618,1439388434523802
146,2623,1439388434836258
147,2628,1439388435148737
148,2635,1439388435586202
149,2642,1439388436023651
150,2652,1439388436648602
151,2662,1439388437273532
152,2670,1439388437773461
153,2679,1439388438335887
154,2686,1439388438773329
155,2693,1439388439210766
156,2699,1439388439585707
157,2709,1439388440210607
158,2724,1439388441147957
159,2732,1439388441647881
160,2743,1439388442335267
161,2752,1439388442897679
162,2763,1439388443585115
163,2774,1439388444272567
164,2788,1439388445147455
165,2805,1439388446209786
166,2823,1439388447334606
167,2840,1439388448396938
168,2858,1439388449521756
169,2878,1439388450771645
170,2889,1439388451459089
171,2900,1439388452146512
172,2919,1439388453333847
173,2941,1439388454708669
174,2957,1439388455708503
175,2970,1439388456520872
176,2983,1439388457333257
177,2995,1439388458083176
178,3006,1439388458770565
179,3016,1439388459395463
180,3027,1439388460082905
181,3034,1439388460520371
182,3041,1439388460957821
183,3048,1439388461395252
184,3054,1439388461770193
185,3062,1439388462270144
186,3071,1439388462832556
187,3088,1439388463894888
188,3111,1439388465332191
189,3125,1439388466207049
190,3134,1439388466769492
191,3144,1439388467394446
192,3162,1439388468519265
193,3174,1439388469269139
194,3184,1439388469894083
195,3190,1439388470269052
196,3196,1439388470643990
197,3201,1439388470956440
198,3207,1439388471331380
199,3214,1439388471768815
200,3224,1439388472393713
201,3241,1439388473456044
202,3253,1439388474205925
203,3258,1439388474518378
204,3263,1439388474830825
205,3268,1439388475143276
206,3273,1439388475455728
207,3279,1439388475830668
208,3287,1439388476393089
209,3293,1439388476830528
210,3300,1439388477330459
211,3308,1439388477892899
212,3319,1439388478705325
213,3325,1439388479080265
214,3333,1439388479580221
215,3339,1439388479955161
216,3344,1439388480267610
217,3350,1439388480642550
218,3357,1439388481079980
219,3363,1439388481454920
220,3368,1439388481767371
221,3373,1439388482079822
222,3378,1439388482392271
223,3383,1439388482767220
224,3388,1439388483142173
225,3394,1439388483579645
226,3399,1439388483954631
227,3404,1439388484329609
228,3409,1439388484642085
229,3416,1439388485079552
230,3423,1439388485516991
231,3431,1439388486016910
232,3439,1439388486516859
233,3448,1439388487079266
234,3456,1439388487579184
235,3466,1439388488204086
236,3473,1439388488641516
237,3480,1439388489078946
238,3487,1439388489516374
239,3493,1439388489891315
240,3499,1439388490266254
241,3505,1439388490641192
242,3510,1439388490953642
243,3515,1439388491266090
244,3520,1439388491578547
245,3525,1439388491891030
246,3530,1439388492203511
247,3535,1439388492578489
248,3540,1439388492890964
249,3545,1439388493203432
250,3550,1439388493515914
251,3555,1439388493828371
252,3560,1439388494140820
253,3565,1439388494453287
254,3570,1439388494765735
255,3575,1439388495078185
256,3580,1439388495390655
257,3585,1439388495703112
258,3590,1439388496015574
259,3595,1439388496328025
260,3600,1439388496640472
261,3611,1439388497327871
262,3617,1439388497702847
263,3622,1439388498015298
264,3627,1439388498327744
265,3633,1439388498702684
266,3639,1439388499077621
267,3645,1439388499452559
268,3653,1439388499952481
269,3659,1439388500327421
270,3664,1439388500639891
271,3671,1439388501077357
272,3676,1439388501389843
273,3683,1439388501827286
274,3688,1439388502139738
275,3693,1439388502452187
276,3699,1439388502827127
277,3705,1439388503202067
278,3710,1439388503514517
279,3715,1439388503826968
280,3720,1439388504139420
281,3725,1439388504451866
282,3730,1439388504764316
283,3735,1439388505076766
284,3740,1439388505389215
285,3745,1439388505701663
286,3750,1439388506014113
287,3755,1439388506326564
288,3760,1439388506639050
289,3765,1439388506951527
290,3770,1439388507264004
291,3775,1439388507576491
292,3780,1439388507888968
293,3785,1439388508201425
294,3790,1439388508513873
295,3795,1439388508826323
296,3800,1439388509138774
297,3805,1439388509451251
298,3810,1439388509763709
299,3815,1439388510076173
300,3820,1439388510388625
301,3825,1439388510701070
302,3830,1439388511013535
303,3835,1439388511326004
304,3840,1439388511638463
305,3845,1439388511950908
306,3850,1439388512263378
307,3855,1439388512575826
308,3863,1439388513075745
309,3870,1439388513513174
310,3877,1439388513950604
311,3882,1439388514263055
312,3887,1439388514575505
313,3892,1439388514887979
314,3897,1439388515200459
315,3902,1439388515512936
316,3907,1439388515825394
317,3912,1439388516137846
318,3917,1439388516450299
319,3922,1439388516762749
320,3927,1439388517075197
321,3932,1439388517387646
322,3937,1439388517700112
323,3942,1439388518012580
324,3947,1439388518325044
325,3952,1439388518637515
326,3957,1439388518949967
327,3962,1439388519262415
328,3967,1439388519574874
329,3972,1439388519887346
330,3977,1439388520199792
331,3982,1439388520512241
332,3987,1439388520824690
333,3992,1439388521137140
334,3997,1439388521449591
335,4002,1439388521762077
336,4007,1439388522074550
337,4012,1439388522387003
338,4017,1439388522699467
339,4022,1439388523011922
340,4027,1439388523324379
341,4032,1439388523636831
342,4037,1439388523949298
343,4043,1439388524324239
344,4049,1439388524699197
345,4056,1439388525136625
346,4061,1439388525449074
347,4066,1439388525761520
348,4071,1439388526073969
349,4076,1439388526386417
350,4081,1439388526698868
351,4086,1439388527011333
352,4091,1439388527323811
353,4096,1439388527636289
354,4101,1439388527948761
355,4106,1439388528261215
356,4111,1439388528573664
357,4116,1439388528886115
358,4121,1439388529198574
359,4126,1439388529511043
360,4132,1439388529885981
361,4138,1439388530260921
362,4145,1439388530698376
363,4150,1439388531010843
364,4155,1439388531323291
365,4160,1439388531635746
366,4165,1439388531948215
367,4170,1439388532260664
368,4175,1439388532573134
369,4180,1439388532885581
370,4186,1439388533260524
371,4194,1439388533760437
372,4203,1439388534322896
373,4213,1439388534947812
374,4221,1439388535447732
375,4230,1439388536010159
376,4239,1439388536572578
377,4251,1439388537322461
378,4268,1439388538384791
379,4543,1439388558007086
380,4553,1439388558757052
381,4558,1439388559069530
382,4564,1439388559444500
383,4571,1439388559881935
384,4582,1439388560569322
385,4590,1439388561069239
386,4595,1439388561381724
387,4600,1439388561694194
388,4607,1439388562131621
389,4612,1439388562444068
390,4617,1439388562756520
391,4622,1439388563068970
392,4627,1439388563381423
393,4632,1439388563693868
394,4638,1439388564068807
395,4643,1439388564381259
396,4648,1439388564693707
397,4654,1439388565068646
398,4661,1439388565506075
399,4668,1439388565943522
400,4676,1439388566443486
401,4684,1439388566943452
402,4689,1439388567255937
403,4706,1439388568318283
404,5150,1439388599689038
405,5166,1439388600688926
406,5180,1439388601563787
407,5191,1439388602251176
408,5198,1439388602688604
409,5203,1439388603001055
410,5208,1439388603313506
411,5213,1439388603625953
412,5218,1439388603938401
413,5223,1439388604250876
414,5228,1439388604563352
415,5233,1439388604875840
416,5238,1439388605188315
417,5243,1439388605500777
418,5248,1439388605813244
419,5253,1439388606125705
420,5258,1439388606438161
421,5263,1439388606750617
422,5270,1439388607188061
423,5280,1439388607812977
424,5300,1439388609062789
425,5317,1439388610125160
426,5336,1439388611312501
427,5367,1439388613249756
428,5396,1439388615061999
429,5427,1439388616999213
430,5465,1439388619373832
431,5483,1439388620498660
432,5497,1439388621373516
433,5507,1439388621998418
434,5513,1439388622435894
435,5522,1439388623123358
436,5529,1439388623560807
437,5535,1439388623935783
438,5540,1439388624248253
439,5548,1439388624748181
440,5555,1439388625185614
441,5562,1439388625623046
442,5569,1439388626060472
443,5576,1439388626497904
444,5584,1439388626997842
445,5590,1439388627372817
446,5595,1439388627685286
447,5600,1439388627997756
448,5606,1439388628372695
449,5612,1439388628747635
450,5618,1439388629122575
451,5624,1439388629497526
452,5630,1439388629872501
453,5637,1439388630309939
454,5643,1439388630684882
455,5649,1439388631059819
456,5655,1439388631434759
457,5661,1439388631809734
458,5667,1439388632184685
459,5672,1439388632497136
460,5677,1439388632809588
461,5682,1439388633122040
462,5687,1439388633434486
463,5692,1439388633746937
464,5697,1439388634059388
465,5702,1439388634371840
466,5707,1439388634684288
467,5712,1439388634996740
468,5718,1439388635371681
469,5723,1439388635684131
470,5728,1439388635996582
471,5733,1439388636309035
472,5738,1439388636621481
473,5747,1439388637183890
474,5755,1439388637683812
475,5761,1439388638058753
476,5768,1439388638558686
477,5773,1439388638933633
478,5778,1439388639308599
479,5785,1439388639808513
480,5790,1439388640183464
481,5795,1439388640558423
482,5804,1439388641245889
483,5816,1439388642058338
484,5823,1439388642495802
485,5833,1439388643120719
486,5855,1439388644495492
487,5872,1439388645557825
488,5883,1439388646245213
489,5894,1439388646932601
490,5905,1439388647619994
491,5919,1439388648494862
492,5935,1439388649619797
493,5948,1439388650432211
494,5961,1439388651244630
495,5974,1439388652056986
496,5985,1439388652744405
497,5996,1439388653431826
